{
  "config": {
    "dataset": "norman",
    "predictor": "biolord",
    "epochs": 100,
    "n_eval_perts": 30
  },
  "fit_sec": 211.69859170913696,
  "n_pred_pops": 30,
  "calibration_results": {
    "alpha_0.05": {
      "ks": {
        "alpha": 0.05,
        "target_coverage": 0.95,
        "tau": 0.5244238141940085,
        "achieved_coverage": 0.9333333333333333,
        "calibration_deviation": 0.016666666666666607,
        "n_test": 15,
        "test_scores_mean": 0.5098107007514192,
        "test_scores_max": 0.528344131097561
      },
      "w1": {
        "alpha": 0.05,
        "target_coverage": 0.95,
        "tau": 0.0658722060416779,
        "achieved_coverage": 1.0,
        "calibration_deviation": 0.050000000000000044,
        "n_test": 15,
        "test_scores_mean": 0.05194070336808901,
        "test_scores_max": 0.060466219912950855
      },
      "energy": {
        "alpha": 0.05,
        "target_coverage": 0.95,
        "tau": 0.13497065326278657,
        "achieved_coverage": 1.0,
        "calibration_deviation": 0.050000000000000044,
        "n_test": 15,
        "test_scores_mean": 0.11936145869825375,
        "test_scores_max": 0.13004345433642459
      },
      "mmd_rbf": {
        "alpha": 0.05,
        "target_coverage": 0.95,
        "tau": 0.007568001747131348,
        "achieved_coverage": 0.8666666666666667,
        "calibration_deviation": 0.08333333333333326,
        "n_test": 15,
        "test_scores_mean": 0.0040839274724324545,
        "test_scores_max": 0.015075206756591797
      },
      "bimodality_mismatch": {
        "alpha": 0.05,
        "target_coverage": 0.95,
        "tau": 0.646484375,
        "achieved_coverage": 0.9333333333333333,
        "calibration_deviation": 0.016666666666666607,
        "n_test": 15,
        "test_scores_mean": 0.5717447916666667,
        "test_scores_max": 0.654296875
      },
      "variance_ratio_dev": {
        "alpha": 0.05,
        "target_coverage": 0.95,
        "tau": 0.8026618293785371,
        "achieved_coverage": 0.9333333333333333,
        "calibration_deviation": 0.016666666666666607,
        "n_test": 15,
        "test_scores_mean": 0.579208903005465,
        "test_scores_max": 0.8610733543149539
      }
    },
    "alpha_0.1": {
      "ks": {
        "alpha": 0.1,
        "target_coverage": 0.9,
        "tau": 0.5244238141940085,
        "achieved_coverage": 0.9333333333333333,
        "calibration_deviation": 0.033333333333333326,
        "n_test": 15,
        "test_scores_mean": 0.5098107007514192,
        "test_scores_max": 0.528344131097561
      },
      "w1": {
        "alpha": 0.1,
        "target_coverage": 0.9,
        "tau": 0.0658722060416779,
        "achieved_coverage": 1.0,
        "calibration_deviation": 0.09999999999999998,
        "n_test": 15,
        "test_scores_mean": 0.05194070336808901,
        "test_scores_max": 0.060466219912950855
      },
      "energy": {
        "alpha": 0.1,
        "target_coverage": 0.9,
        "tau": 0.13497065326278657,
        "achieved_coverage": 1.0,
        "calibration_deviation": 0.09999999999999998,
        "n_test": 15,
        "test_scores_mean": 0.11936145869825375,
        "test_scores_max": 0.13004345433642459
      },
      "mmd_rbf": {
        "alpha": 0.1,
        "target_coverage": 0.9,
        "tau": 0.007568001747131348,
        "achieved_coverage": 0.8666666666666667,
        "calibration_deviation": 0.033333333333333326,
        "n_test": 15,
        "test_scores_mean": 0.0040839274724324545,
        "test_scores_max": 0.015075206756591797
      },
      "bimodality_mismatch": {
        "alpha": 0.1,
        "target_coverage": 0.9,
        "tau": 0.646484375,
        "achieved_coverage": 0.9333333333333333,
        "calibration_deviation": 0.033333333333333326,
        "n_test": 15,
        "test_scores_mean": 0.5717447916666667,
        "test_scores_max": 0.654296875
      },
      "variance_ratio_dev": {
        "alpha": 0.1,
        "target_coverage": 0.9,
        "tau": 0.8026618293785371,
        "achieved_coverage": 0.9333333333333333,
        "calibration_deviation": 0.033333333333333326,
        "n_test": 15,
        "test_scores_mean": 0.579208903005465,
        "test_scores_max": 0.8610733543149539
      }
    },
    "alpha_0.2": {
      "ks": {
        "alpha": 0.2,
        "target_coverage": 0.8,
        "tau": 0.5237288501381215,
        "achieved_coverage": 0.9333333333333333,
        "calibration_deviation": 0.1333333333333333,
        "n_test": 15,
        "test_scores_mean": 0.5098107007514192,
        "test_scores_max": 0.528344131097561
      },
      "w1": {
        "alpha": 0.2,
        "target_coverage": 0.8,
        "tau": 0.056262052746434484,
        "achieved_coverage": 0.8,
        "calibration_deviation": 0.0,
        "n_test": 15,
        "test_scores_mean": 0.05194070336808901,
        "test_scores_max": 0.060466219912950855
      },
      "energy": {
        "alpha": 0.2,
        "target_coverage": 0.8,
        "tau": 0.12357562933998477,
        "achieved_coverage": 0.7333333333333333,
        "calibration_deviation": 0.06666666666666676,
        "n_test": 15,
        "test_scores_mean": 0.11936145869825375,
        "test_scores_max": 0.13004345433642459
      },
      "mmd_rbf": {
        "alpha": 0.2,
        "target_coverage": 0.8,
        "tau": 0.004545450210571289,
        "achieved_coverage": 0.8,
        "calibration_deviation": 0.0,
        "n_test": 15,
        "test_scores_mean": 0.0040839274724324545,
        "test_scores_max": 0.015075206756591797
      },
      "bimodality_mismatch": {
        "alpha": 0.2,
        "target_coverage": 0.8,
        "tau": 0.611328125,
        "achieved_coverage": 0.8666666666666667,
        "calibration_deviation": 0.06666666666666665,
        "n_test": 15,
        "test_scores_mean": 0.5717447916666667,
        "test_scores_max": 0.654296875
      },
      "variance_ratio_dev": {
        "alpha": 0.2,
        "target_coverage": 0.8,
        "tau": 0.7505456846415627,
        "achieved_coverage": 0.8666666666666667,
        "calibration_deviation": 0.06666666666666665,
        "n_test": 15,
        "test_scores_mean": 0.579208903005465,
        "test_scores_max": 0.8610733543149539
      }
    }
  }
}