{
  "config": {
    "dataset": "replogle_k562",
    "predictor": "gears_uncertainty",
    "epochs": 5,
    "n_eval_perts": 30,
    "custom_pert_data": true
  },
  "fit_sec": 290.12560987472534,
  "n_pred_pops": 13,
  "calibration_results": {
    "alpha_0.05": {
      "ks": {
        "alpha": 0.05,
        "target_coverage": 0.95,
        "tau": 0.36635249457700647,
        "achieved_coverage": 0.8571428571428571,
        "calibration_deviation": 0.09285714285714286,
        "n_test": 7,
        "test_scores_mean": 0.3624722291860528,
        "test_scores_max": 0.3739494845360825
      },
      "w1": {
        "alpha": 0.05,
        "target_coverage": 0.95,
        "tau": 0.46913208836327364,
        "achieved_coverage": 0.8571428571428571,
        "calibration_deviation": 0.09285714285714286,
        "n_test": 7,
        "test_scores_mean": 0.4696573846073418,
        "test_scores_max": 0.542767660832263
      },
      "energy": {
        "alpha": 0.05,
        "target_coverage": 0.95,
        "tau": 0.41759262680394527,
        "achieved_coverage": 0.8571428571428571,
        "calibration_deviation": 0.09285714285714286,
        "n_test": 7,
        "test_scores_mean": 0.415345506549051,
        "test_scores_max": 0.45362656078339164
      },
      "mmd_rbf": {
        "alpha": 0.05,
        "target_coverage": 0.95,
        "tau": 0.07693231105804443,
        "achieved_coverage": 0.7142857142857143,
        "calibration_deviation": 0.23571428571428565,
        "n_test": 7,
        "test_scores_mean": 0.07626015799386161,
        "test_scores_max": 0.08664309978485107
      },
      "bimodality_mismatch": {
        "alpha": 0.05,
        "target_coverage": 0.95,
        "tau": 0.7755,
        "achieved_coverage": 1.0,
        "calibration_deviation": 0.050000000000000044,
        "n_test": 7,
        "test_scores_mean": 0.7000000000000001,
        "test_scores_max": 0.7315
      },
      "variance_ratio_dev": {
        "alpha": 0.05,
        "target_coverage": 0.95,
        "tau": 7.729796455994248,
        "achieved_coverage": 0.7142857142857143,
        "calibration_deviation": 0.23571428571428565,
        "n_test": 7,
        "test_scores_mean": 7.2586655461809455,
        "test_scores_max": 8.98911700975895
      }
    },
    "alpha_0.1": {
      "ks": {
        "alpha": 0.1,
        "target_coverage": 0.9,
        "tau": 0.36635249457700647,
        "achieved_coverage": 0.8571428571428571,
        "calibration_deviation": 0.04285714285714293,
        "n_test": 7,
        "test_scores_mean": 0.3624722291860528,
        "test_scores_max": 0.3739494845360825
      },
      "w1": {
        "alpha": 0.1,
        "target_coverage": 0.9,
        "tau": 0.46913208836327364,
        "achieved_coverage": 0.8571428571428571,
        "calibration_deviation": 0.04285714285714293,
        "n_test": 7,
        "test_scores_mean": 0.4696573846073418,
        "test_scores_max": 0.542767660832263
      },
      "energy": {
        "alpha": 0.1,
        "target_coverage": 0.9,
        "tau": 0.41759262680394527,
        "achieved_coverage": 0.8571428571428571,
        "calibration_deviation": 0.04285714285714293,
        "n_test": 7,
        "test_scores_mean": 0.415345506549051,
        "test_scores_max": 0.45362656078339164
      },
      "mmd_rbf": {
        "alpha": 0.1,
        "target_coverage": 0.9,
        "tau": 0.07693231105804443,
        "achieved_coverage": 0.7142857142857143,
        "calibration_deviation": 0.18571428571428572,
        "n_test": 7,
        "test_scores_mean": 0.07626015799386161,
        "test_scores_max": 0.08664309978485107
      },
      "bimodality_mismatch": {
        "alpha": 0.1,
        "target_coverage": 0.9,
        "tau": 0.7755,
        "achieved_coverage": 1.0,
        "calibration_deviation": 0.09999999999999998,
        "n_test": 7,
        "test_scores_mean": 0.7000000000000001,
        "test_scores_max": 0.7315
      },
      "variance_ratio_dev": {
        "alpha": 0.1,
        "target_coverage": 0.9,
        "tau": 7.729796455994248,
        "achieved_coverage": 0.7142857142857143,
        "calibration_deviation": 0.18571428571428572,
        "n_test": 7,
        "test_scores_mean": 7.2586655461809455,
        "test_scores_max": 8.98911700975895
      }
    },
    "alpha_0.2": {
      "ks": {
        "alpha": 0.2,
        "target_coverage": 0.8,
        "tau": 0.36635249457700647,
        "achieved_coverage": 0.8571428571428571,
        "calibration_deviation": 0.05714285714285705,
        "n_test": 7,
        "test_scores_mean": 0.3624722291860528,
        "test_scores_max": 0.3739494845360825
      },
      "w1": {
        "alpha": 0.2,
        "target_coverage": 0.8,
        "tau": 0.46913208836327364,
        "achieved_coverage": 0.8571428571428571,
        "calibration_deviation": 0.05714285714285705,
        "n_test": 7,
        "test_scores_mean": 0.4696573846073418,
        "test_scores_max": 0.542767660832263
      },
      "energy": {
        "alpha": 0.2,
        "target_coverage": 0.8,
        "tau": 0.41759262680394527,
        "achieved_coverage": 0.8571428571428571,
        "calibration_deviation": 0.05714285714285705,
        "n_test": 7,
        "test_scores_mean": 0.415345506549051,
        "test_scores_max": 0.45362656078339164
      },
      "mmd_rbf": {
        "alpha": 0.2,
        "target_coverage": 0.8,
        "tau": 0.07693231105804443,
        "achieved_coverage": 0.7142857142857143,
        "calibration_deviation": 0.08571428571428574,
        "n_test": 7,
        "test_scores_mean": 0.07626015799386161,
        "test_scores_max": 0.08664309978485107
      },
      "bimodality_mismatch": {
        "alpha": 0.2,
        "target_coverage": 0.8,
        "tau": 0.7755,
        "achieved_coverage": 1.0,
        "calibration_deviation": 0.19999999999999996,
        "n_test": 7,
        "test_scores_mean": 0.7000000000000001,
        "test_scores_max": 0.7315
      },
      "variance_ratio_dev": {
        "alpha": 0.2,
        "target_coverage": 0.8,
        "tau": 7.729796455994248,
        "achieved_coverage": 0.7142857142857143,
        "calibration_deviation": 0.08571428571428574,
        "n_test": 7,
        "test_scores_mean": 7.2586655461809455,
        "test_scores_max": 8.98911700975895
      }
    }
  }
}