{
  "config": {
    "dataset": "adamson",
    "predictor": "biolord",
    "epochs": 100,
    "n_eval_perts": 30
  },
  "fit_sec": 15.83180570602417,
  "n_pred_pops": 8,
  "calibration_results": {
    "alpha_0.05": {
      "ks": {
        "alpha": 0.05,
        "target_coverage": 0.95,
        "tau": 0.45053183065878377,
        "achieved_coverage": 1.0,
        "calibration_deviation": 0.050000000000000044,
        "n_test": 4,
        "test_scores_mean": 0.4433780193320791,
        "test_scores_max": 0.44743468001841624
      },
      "w1": {
        "alpha": 0.05,
        "target_coverage": 0.95,
        "tau": 0.05577993564516939,
        "achieved_coverage": 1.0,
        "calibration_deviation": 0.050000000000000044,
        "n_test": 4,
        "test_scores_mean": 0.04475532835564881,
        "test_scores_max": 0.04532376440538362
      },
      "energy": {
        "alpha": 0.05,
        "target_coverage": 0.95,
        "tau": 0.12158484551948914,
        "achieved_coverage": 1.0,
        "calibration_deviation": 0.050000000000000044,
        "n_test": 4,
        "test_scores_mean": 0.11172789532763469,
        "test_scores_max": 0.11220251682618734
      },
      "mmd_rbf": {
        "alpha": 0.05,
        "target_coverage": 0.95,
        "tau": 0.006427407264709473,
        "achieved_coverage": 1.0,
        "calibration_deviation": 0.050000000000000044,
        "n_test": 4,
        "test_scores_mean": 0.002737373113632202,
        "test_scores_max": 0.003252744674682617
      },
      "bimodality_mismatch": {
        "alpha": 0.05,
        "target_coverage": 0.95,
        "tau": 0.62890625,
        "achieved_coverage": 1.0,
        "calibration_deviation": 0.050000000000000044,
        "n_test": 4,
        "test_scores_mean": 0.60107421875,
        "test_scores_max": 0.61328125
      },
      "variance_ratio_dev": {
        "alpha": 0.05,
        "target_coverage": 0.95,
        "tau": 0.5868149270602674,
        "achieved_coverage": 1.0,
        "calibration_deviation": 0.050000000000000044,
        "n_test": 4,
        "test_scores_mean": 0.5165476804738022,
        "test_scores_max": 0.5792777921697673
      }
    },
    "alpha_0.1": {
      "ks": {
        "alpha": 0.1,
        "target_coverage": 0.9,
        "tau": 0.45053183065878377,
        "achieved_coverage": 1.0,
        "calibration_deviation": 0.09999999999999998,
        "n_test": 4,
        "test_scores_mean": 0.4433780193320791,
        "test_scores_max": 0.44743468001841624
      },
      "w1": {
        "alpha": 0.1,
        "target_coverage": 0.9,
        "tau": 0.05577993564516939,
        "achieved_coverage": 1.0,
        "calibration_deviation": 0.09999999999999998,
        "n_test": 4,
        "test_scores_mean": 0.04475532835564881,
        "test_scores_max": 0.04532376440538362
      },
      "energy": {
        "alpha": 0.1,
        "target_coverage": 0.9,
        "tau": 0.12158484551948914,
        "achieved_coverage": 1.0,
        "calibration_deviation": 0.09999999999999998,
        "n_test": 4,
        "test_scores_mean": 0.11172789532763469,
        "test_scores_max": 0.11220251682618734
      },
      "mmd_rbf": {
        "alpha": 0.1,
        "target_coverage": 0.9,
        "tau": 0.006427407264709473,
        "achieved_coverage": 1.0,
        "calibration_deviation": 0.09999999999999998,
        "n_test": 4,
        "test_scores_mean": 0.002737373113632202,
        "test_scores_max": 0.003252744674682617
      },
      "bimodality_mismatch": {
        "alpha": 0.1,
        "target_coverage": 0.9,
        "tau": 0.62890625,
        "achieved_coverage": 1.0,
        "calibration_deviation": 0.09999999999999998,
        "n_test": 4,
        "test_scores_mean": 0.60107421875,
        "test_scores_max": 0.61328125
      },
      "variance_ratio_dev": {
        "alpha": 0.1,
        "target_coverage": 0.9,
        "tau": 0.5868149270602674,
        "achieved_coverage": 1.0,
        "calibration_deviation": 0.09999999999999998,
        "n_test": 4,
        "test_scores_mean": 0.5165476804738022,
        "test_scores_max": 0.5792777921697673
      }
    },
    "alpha_0.2": {
      "ks": {
        "alpha": 0.2,
        "target_coverage": 0.8,
        "tau": 0.45053183065878377,
        "achieved_coverage": 1.0,
        "calibration_deviation": 0.19999999999999996,
        "n_test": 4,
        "test_scores_mean": 0.4433780193320791,
        "test_scores_max": 0.44743468001841624
      },
      "w1": {
        "alpha": 0.2,
        "target_coverage": 0.8,
        "tau": 0.05577993564516939,
        "achieved_coverage": 1.0,
        "calibration_deviation": 0.19999999999999996,
        "n_test": 4,
        "test_scores_mean": 0.04475532835564881,
        "test_scores_max": 0.04532376440538362
      },
      "energy": {
        "alpha": 0.2,
        "target_coverage": 0.8,
        "tau": 0.12158484551948914,
        "achieved_coverage": 1.0,
        "calibration_deviation": 0.19999999999999996,
        "n_test": 4,
        "test_scores_mean": 0.11172789532763469,
        "test_scores_max": 0.11220251682618734
      },
      "mmd_rbf": {
        "alpha": 0.2,
        "target_coverage": 0.8,
        "tau": 0.006427407264709473,
        "achieved_coverage": 1.0,
        "calibration_deviation": 0.19999999999999996,
        "n_test": 4,
        "test_scores_mean": 0.002737373113632202,
        "test_scores_max": 0.003252744674682617
      },
      "bimodality_mismatch": {
        "alpha": 0.2,
        "target_coverage": 0.8,
        "tau": 0.62890625,
        "achieved_coverage": 1.0,
        "calibration_deviation": 0.19999999999999996,
        "n_test": 4,
        "test_scores_mean": 0.60107421875,
        "test_scores_max": 0.61328125
      },
      "variance_ratio_dev": {
        "alpha": 0.2,
        "target_coverage": 0.8,
        "tau": 0.5868149270602674,
        "achieved_coverage": 1.0,
        "calibration_deviation": 0.19999999999999996,
        "n_test": 4,
        "test_scores_mean": 0.5165476804738022,
        "test_scores_max": 0.5792777921697673
      }
    }
  }
}