{
  "config": {
    "dataset": "replogle_k562",
    "predictor": "cpa",
    "epochs": 50,
    "n_eval_perts": 30
  },
  "fit_sec": 678.1778757572174,
  "n_pred_pops": 30,
  "calibration_results": {
    "alpha_0.05": {
      "ks": {
        "alpha": 0.05,
        "target_coverage": 0.95,
        "tau": 0.6300012925091911,
        "achieved_coverage": 0.9333333333333333,
        "calibration_deviation": 0.016666666666666607,
        "n_test": 15,
        "test_scores_mean": 0.5826037514559699,
        "test_scores_max": 0.6393399596422338
      },
      "w1": {
        "alpha": 0.05,
        "target_coverage": 0.95,
        "tau": 0.2998711168074459,
        "achieved_coverage": 0.9333333333333333,
        "calibration_deviation": 0.016666666666666607,
        "n_test": 15,
        "test_scores_mean": 0.24094264102784332,
        "test_scores_max": 0.33531457186080604
      },
      "energy": {
        "alpha": 0.05,
        "target_coverage": 0.95,
        "tau": 0.41945508139864607,
        "achieved_coverage": 0.9333333333333333,
        "calibration_deviation": 0.016666666666666607,
        "n_test": 15,
        "test_scores_mean": 0.35882258241443704,
        "test_scores_max": 0.4542527857302606
      },
      "mmd_rbf": {
        "alpha": 0.05,
        "target_coverage": 0.95,
        "tau": 0.16808722143709653,
        "achieved_coverage": 0.9333333333333333,
        "calibration_deviation": 0.016666666666666607,
        "n_test": 15,
        "test_scores_mean": 0.11981029633222401,
        "test_scores_max": 0.1910483530537639
      },
      "bimodality_mismatch": {
        "alpha": 0.05,
        "target_coverage": 0.95,
        "tau": 0.625,
        "achieved_coverage": 1.0,
        "calibration_deviation": 0.050000000000000044,
        "n_test": 15,
        "test_scores_mean": 0.5502604166666667,
        "test_scores_max": 0.619140625
      },
      "variance_ratio_dev": {
        "alpha": 0.05,
        "target_coverage": 0.95,
        "tau": 0.9149659337401772,
        "achieved_coverage": 1.0,
        "calibration_deviation": 0.050000000000000044,
        "n_test": 15,
        "test_scores_mean": 0.8893177505460774,
        "test_scores_max": 0.9129825637680256
      }
    },
    "alpha_0.1": {
      "ks": {
        "alpha": 0.1,
        "target_coverage": 0.9,
        "tau": 0.6300012925091911,
        "achieved_coverage": 0.9333333333333333,
        "calibration_deviation": 0.033333333333333326,
        "n_test": 15,
        "test_scores_mean": 0.5826037514559699,
        "test_scores_max": 0.6393399596422338
      },
      "w1": {
        "alpha": 0.1,
        "target_coverage": 0.9,
        "tau": 0.2998711168074459,
        "achieved_coverage": 0.9333333333333333,
        "calibration_deviation": 0.033333333333333326,
        "n_test": 15,
        "test_scores_mean": 0.24094264102784332,
        "test_scores_max": 0.33531457186080604
      },
      "energy": {
        "alpha": 0.1,
        "target_coverage": 0.9,
        "tau": 0.41945508139864607,
        "achieved_coverage": 0.9333333333333333,
        "calibration_deviation": 0.033333333333333326,
        "n_test": 15,
        "test_scores_mean": 0.35882258241443704,
        "test_scores_max": 0.4542527857302606
      },
      "mmd_rbf": {
        "alpha": 0.1,
        "target_coverage": 0.9,
        "tau": 0.16808722143709653,
        "achieved_coverage": 0.9333333333333333,
        "calibration_deviation": 0.033333333333333326,
        "n_test": 15,
        "test_scores_mean": 0.11981029633222401,
        "test_scores_max": 0.1910483530537639
      },
      "bimodality_mismatch": {
        "alpha": 0.1,
        "target_coverage": 0.9,
        "tau": 0.625,
        "achieved_coverage": 1.0,
        "calibration_deviation": 0.09999999999999998,
        "n_test": 15,
        "test_scores_mean": 0.5502604166666667,
        "test_scores_max": 0.619140625
      },
      "variance_ratio_dev": {
        "alpha": 0.1,
        "target_coverage": 0.9,
        "tau": 0.9149659337401772,
        "achieved_coverage": 1.0,
        "calibration_deviation": 0.09999999999999998,
        "n_test": 15,
        "test_scores_mean": 0.8893177505460774,
        "test_scores_max": 0.9129825637680256
      }
    },
    "alpha_0.2": {
      "ks": {
        "alpha": 0.2,
        "target_coverage": 0.8,
        "tau": 0.6244986631016043,
        "achieved_coverage": 0.8666666666666667,
        "calibration_deviation": 0.06666666666666665,
        "n_test": 15,
        "test_scores_mean": 0.5826037514559699,
        "test_scores_max": 0.6393399596422338
      },
      "w1": {
        "alpha": 0.2,
        "target_coverage": 0.8,
        "tau": 0.28601709864964087,
        "achieved_coverage": 0.9333333333333333,
        "calibration_deviation": 0.1333333333333333,
        "n_test": 15,
        "test_scores_mean": 0.24094264102784332,
        "test_scores_max": 0.33531457186080604
      },
      "energy": {
        "alpha": 0.2,
        "target_coverage": 0.8,
        "tau": 0.41733162029857174,
        "achieved_coverage": 0.9333333333333333,
        "calibration_deviation": 0.1333333333333333,
        "n_test": 15,
        "test_scores_mean": 0.35882258241443704,
        "test_scores_max": 0.4542527857302606
      },
      "mmd_rbf": {
        "alpha": 0.2,
        "target_coverage": 0.8,
        "tau": 0.1634532732074867,
        "achieved_coverage": 0.8666666666666667,
        "calibration_deviation": 0.06666666666666665,
        "n_test": 15,
        "test_scores_mean": 0.11981029633222401,
        "test_scores_max": 0.1910483530537639
      },
      "bimodality_mismatch": {
        "alpha": 0.2,
        "target_coverage": 0.8,
        "tau": 0.615234375,
        "achieved_coverage": 0.9333333333333333,
        "calibration_deviation": 0.1333333333333333,
        "n_test": 15,
        "test_scores_mean": 0.5502604166666667,
        "test_scores_max": 0.619140625
      },
      "variance_ratio_dev": {
        "alpha": 0.2,
        "target_coverage": 0.8,
        "tau": 0.9082738601968003,
        "achieved_coverage": 0.8666666666666667,
        "calibration_deviation": 0.06666666666666665,
        "n_test": 15,
        "test_scores_mean": 0.8893177505460774,
        "test_scores_max": 0.9129825637680256
      }
    }
  }
}