{
  "config": {
    "dataset": "norman",
    "predictor": "svaeplus",
    "epochs": 30,
    "n_eval_perts": 30,
    "n_latent": 32
  },
  "fit_sec": 114.44684958457947,
  "n_pred_pops": 30,
  "calibration_results": {
    "alpha_0.05": {
      "ks": {
        "alpha": 0.05,
        "target_coverage": 0.95,
        "tau": 0.517920122264022,
        "achieved_coverage": 1.0,
        "calibration_deviation": 0.050000000000000044,
        "n_test": 15,
        "test_scores_mean": 0.5088948062078736,
        "test_scores_max": 0.5159401802731893
      },
      "w1": {
        "alpha": 0.05,
        "target_coverage": 0.95,
        "tau": 0.12743159661184272,
        "achieved_coverage": 1.0,
        "calibration_deviation": 0.050000000000000044,
        "n_test": 15,
        "test_scores_mean": 0.11057081190432393,
        "test_scores_max": 0.11951374345519217
      },
      "energy": {
        "alpha": 0.05,
        "target_coverage": 0.95,
        "tau": 0.21520361821457684,
        "achieved_coverage": 1.0,
        "calibration_deviation": 0.050000000000000044,
        "n_test": 15,
        "test_scores_mean": 0.20232705539313534,
        "test_scores_max": 0.21134410623970012
      },
      "mmd_rbf": {
        "alpha": 0.05,
        "target_coverage": 0.95,
        "tau": 0.10365021228790283,
        "achieved_coverage": 0.9333333333333333,
        "calibration_deviation": 0.016666666666666607,
        "n_test": 15,
        "test_scores_mean": 0.05664104620615641,
        "test_scores_max": 0.10397982597351074
      },
      "bimodality_mismatch": {
        "alpha": 0.05,
        "target_coverage": 0.95,
        "tau": 0.6328125,
        "achieved_coverage": 0.8666666666666667,
        "calibration_deviation": 0.08333333333333326,
        "n_test": 15,
        "test_scores_mean": 0.558203125,
        "test_scores_max": 0.6484375
      },
      "variance_ratio_dev": {
        "alpha": 0.05,
        "target_coverage": 0.95,
        "tau": 19.025034338562456,
        "achieved_coverage": 0.8666666666666667,
        "calibration_deviation": 0.08333333333333326,
        "n_test": 15,
        "test_scores_mean": 14.91671037184304,
        "test_scores_max": 27.918201538282357
      }
    },
    "alpha_0.1": {
      "ks": {
        "alpha": 0.1,
        "target_coverage": 0.9,
        "tau": 0.517920122264022,
        "achieved_coverage": 1.0,
        "calibration_deviation": 0.09999999999999998,
        "n_test": 15,
        "test_scores_mean": 0.5088948062078736,
        "test_scores_max": 0.5159401802731893
      },
      "w1": {
        "alpha": 0.1,
        "target_coverage": 0.9,
        "tau": 0.12743159661184272,
        "achieved_coverage": 1.0,
        "calibration_deviation": 0.09999999999999998,
        "n_test": 15,
        "test_scores_mean": 0.11057081190432393,
        "test_scores_max": 0.11951374345519217
      },
      "energy": {
        "alpha": 0.1,
        "target_coverage": 0.9,
        "tau": 0.21520361821457684,
        "achieved_coverage": 1.0,
        "calibration_deviation": 0.09999999999999998,
        "n_test": 15,
        "test_scores_mean": 0.20232705539313534,
        "test_scores_max": 0.21134410623970012
      },
      "mmd_rbf": {
        "alpha": 0.1,
        "target_coverage": 0.9,
        "tau": 0.10365021228790283,
        "achieved_coverage": 0.9333333333333333,
        "calibration_deviation": 0.033333333333333326,
        "n_test": 15,
        "test_scores_mean": 0.05664104620615641,
        "test_scores_max": 0.10397982597351074
      },
      "bimodality_mismatch": {
        "alpha": 0.1,
        "target_coverage": 0.9,
        "tau": 0.6328125,
        "achieved_coverage": 0.8666666666666667,
        "calibration_deviation": 0.033333333333333326,
        "n_test": 15,
        "test_scores_mean": 0.558203125,
        "test_scores_max": 0.6484375
      },
      "variance_ratio_dev": {
        "alpha": 0.1,
        "target_coverage": 0.9,
        "tau": 19.025034338562456,
        "achieved_coverage": 0.8666666666666667,
        "calibration_deviation": 0.033333333333333326,
        "n_test": 15,
        "test_scores_mean": 14.91671037184304,
        "test_scores_max": 27.918201538282357
      }
    },
    "alpha_0.2": {
      "ks": {
        "alpha": 0.2,
        "target_coverage": 0.8,
        "tau": 0.5169788707386365,
        "achieved_coverage": 1.0,
        "calibration_deviation": 0.19999999999999996,
        "n_test": 15,
        "test_scores_mean": 0.5088948062078736,
        "test_scores_max": 0.5159401802731893
      },
      "w1": {
        "alpha": 0.2,
        "target_coverage": 0.8,
        "tau": 0.12330653856112418,
        "achieved_coverage": 1.0,
        "calibration_deviation": 0.19999999999999996,
        "n_test": 15,
        "test_scores_mean": 0.11057081190432393,
        "test_scores_max": 0.11951374345519217
      },
      "energy": {
        "alpha": 0.2,
        "target_coverage": 0.8,
        "tau": 0.21462540183354809,
        "achieved_coverage": 1.0,
        "calibration_deviation": 0.19999999999999996,
        "n_test": 15,
        "test_scores_mean": 0.20232705539313534,
        "test_scores_max": 0.21134410623970012
      },
      "mmd_rbf": {
        "alpha": 0.2,
        "target_coverage": 0.8,
        "tau": 0.09144091606140137,
        "achieved_coverage": 0.9333333333333333,
        "calibration_deviation": 0.1333333333333333,
        "n_test": 15,
        "test_scores_mean": 0.05664104620615641,
        "test_scores_max": 0.10397982597351074
      },
      "bimodality_mismatch": {
        "alpha": 0.2,
        "target_coverage": 0.8,
        "tau": 0.59375,
        "achieved_coverage": 0.8,
        "calibration_deviation": 0.0,
        "n_test": 15,
        "test_scores_mean": 0.558203125,
        "test_scores_max": 0.6484375
      },
      "variance_ratio_dev": {
        "alpha": 0.2,
        "target_coverage": 0.8,
        "tau": 18.384419846778723,
        "achieved_coverage": 0.8,
        "calibration_deviation": 0.0,
        "n_test": 15,
        "test_scores_mean": 14.91671037184304,
        "test_scores_max": 27.918201538282357
      }
    }
  }
}