{
  "config": {
    "dataset": "adamson",
    "predictor": "cpa",
    "epochs": 50,
    "n_eval_perts": 30
  },
  "fit_sec": 70.3664162158966,
  "n_pred_pops": 8,
  "calibration_results": {
    "alpha_0.05": {
      "ks": {
        "alpha": 0.05,
        "target_coverage": 0.95,
        "tau": 0.7082123627533784,
        "achieved_coverage": 0.0,
        "calibration_deviation": 0.95,
        "n_test": 4,
        "test_scores_mean": 0.715560639188112,
        "test_scores_max": 0.7187869167158889
      },
      "w1": {
        "alpha": 0.05,
        "target_coverage": 0.95,
        "tau": 0.09611974941023774,
        "achieved_coverage": 0.5,
        "calibration_deviation": 0.44999999999999996,
        "n_test": 4,
        "test_scores_mean": 0.09717361653538022,
        "test_scores_max": 0.10077005392007589
      },
      "energy": {
        "alpha": 0.05,
        "target_coverage": 0.95,
        "tau": 0.183183743431701,
        "achieved_coverage": 0.0,
        "calibration_deviation": 0.95,
        "n_test": 4,
        "test_scores_mean": 0.1935754299493791,
        "test_scores_max": 0.19866381101635383
      },
      "mmd_rbf": {
        "alpha": 0.05,
        "target_coverage": 0.95,
        "tau": 0.11684941858853515,
        "achieved_coverage": 0.0,
        "calibration_deviation": 0.95,
        "n_test": 4,
        "test_scores_mean": 0.16615275390496953,
        "test_scores_max": 0.200144831361178
      },
      "bimodality_mismatch": {
        "alpha": 0.05,
        "target_coverage": 0.95,
        "tau": 0.576171875,
        "achieved_coverage": 1.0,
        "calibration_deviation": 0.050000000000000044,
        "n_test": 4,
        "test_scores_mean": 0.55712890625,
        "test_scores_max": 0.5703125
      },
      "variance_ratio_dev": {
        "alpha": 0.05,
        "target_coverage": 0.95,
        "tau": 0.9153842284957963,
        "achieved_coverage": 1.0,
        "calibration_deviation": 0.050000000000000044,
        "n_test": 4,
        "test_scores_mean": 0.8460126230207142,
        "test_scores_max": 0.8533342600100021
      }
    },
    "alpha_0.1": {
      "ks": {
        "alpha": 0.1,
        "target_coverage": 0.9,
        "tau": 0.7082123627533784,
        "achieved_coverage": 0.0,
        "calibration_deviation": 0.9,
        "n_test": 4,
        "test_scores_mean": 0.715560639188112,
        "test_scores_max": 0.7187869167158889
      },
      "w1": {
        "alpha": 0.1,
        "target_coverage": 0.9,
        "tau": 0.09611974941023774,
        "achieved_coverage": 0.5,
        "calibration_deviation": 0.4,
        "n_test": 4,
        "test_scores_mean": 0.09717361653538022,
        "test_scores_max": 0.10077005392007589
      },
      "energy": {
        "alpha": 0.1,
        "target_coverage": 0.9,
        "tau": 0.183183743431701,
        "achieved_coverage": 0.0,
        "calibration_deviation": 0.9,
        "n_test": 4,
        "test_scores_mean": 0.1935754299493791,
        "test_scores_max": 0.19866381101635383
      },
      "mmd_rbf": {
        "alpha": 0.1,
        "target_coverage": 0.9,
        "tau": 0.11684941858853515,
        "achieved_coverage": 0.0,
        "calibration_deviation": 0.9,
        "n_test": 4,
        "test_scores_mean": 0.16615275390496953,
        "test_scores_max": 0.200144831361178
      },
      "bimodality_mismatch": {
        "alpha": 0.1,
        "target_coverage": 0.9,
        "tau": 0.576171875,
        "achieved_coverage": 1.0,
        "calibration_deviation": 0.09999999999999998,
        "n_test": 4,
        "test_scores_mean": 0.55712890625,
        "test_scores_max": 0.5703125
      },
      "variance_ratio_dev": {
        "alpha": 0.1,
        "target_coverage": 0.9,
        "tau": 0.9153842284957963,
        "achieved_coverage": 1.0,
        "calibration_deviation": 0.09999999999999998,
        "n_test": 4,
        "test_scores_mean": 0.8460126230207142,
        "test_scores_max": 0.8533342600100021
      }
    },
    "alpha_0.2": {
      "ks": {
        "alpha": 0.2,
        "target_coverage": 0.8,
        "tau": 0.7082123627533784,
        "achieved_coverage": 0.0,
        "calibration_deviation": 0.8,
        "n_test": 4,
        "test_scores_mean": 0.715560639188112,
        "test_scores_max": 0.7187869167158889
      },
      "w1": {
        "alpha": 0.2,
        "target_coverage": 0.8,
        "tau": 0.09611974941023774,
        "achieved_coverage": 0.5,
        "calibration_deviation": 0.30000000000000004,
        "n_test": 4,
        "test_scores_mean": 0.09717361653538022,
        "test_scores_max": 0.10077005392007589
      },
      "energy": {
        "alpha": 0.2,
        "target_coverage": 0.8,
        "tau": 0.183183743431701,
        "achieved_coverage": 0.0,
        "calibration_deviation": 0.8,
        "n_test": 4,
        "test_scores_mean": 0.1935754299493791,
        "test_scores_max": 0.19866381101635383
      },
      "mmd_rbf": {
        "alpha": 0.2,
        "target_coverage": 0.8,
        "tau": 0.11684941858853515,
        "achieved_coverage": 0.0,
        "calibration_deviation": 0.8,
        "n_test": 4,
        "test_scores_mean": 0.16615275390496953,
        "test_scores_max": 0.200144831361178
      },
      "bimodality_mismatch": {
        "alpha": 0.2,
        "target_coverage": 0.8,
        "tau": 0.576171875,
        "achieved_coverage": 1.0,
        "calibration_deviation": 0.19999999999999996,
        "n_test": 4,
        "test_scores_mean": 0.55712890625,
        "test_scores_max": 0.5703125
      },
      "variance_ratio_dev": {
        "alpha": 0.2,
        "target_coverage": 0.8,
        "tau": 0.9153842284957963,
        "achieved_coverage": 1.0,
        "calibration_deviation": 0.19999999999999996,
        "n_test": 4,
        "test_scores_mean": 0.8460126230207142,
        "test_scores_max": 0.8533342600100021
      }
    }
  }
}