{
  "config": {
    "dataset": "adamson",
    "predictor": "svaeplus",
    "epochs": 10,
    "n_eval_perts": 30,
    "n_latent": 32
  },
  "fit_sec": 10.928213834762573,
  "n_pred_pops": 8,
  "calibration_results": {
    "alpha_0.05": {
      "ks": {
        "alpha": 0.05,
        "target_coverage": 0.95,
        "tau": 0.5153874577702702,
        "achieved_coverage": 0.0,
        "calibration_deviation": 0.95,
        "n_test": 4,
        "test_scores_mean": 0.5195042311351414,
        "test_scores_max": 0.520110380980508
      },
      "w1": {
        "alpha": 0.05,
        "target_coverage": 0.95,
        "tau": 0.1946059911379262,
        "achieved_coverage": 0.25,
        "calibration_deviation": 0.7,
        "n_test": 4,
        "test_scores_mean": 0.19649772115625336,
        "test_scores_max": 0.19776114686051913
      },
      "energy": {
        "alpha": 0.05,
        "target_coverage": 0.95,
        "tau": 0.3038968730800024,
        "achieved_coverage": 0.0,
        "calibration_deviation": 0.95,
        "n_test": 4,
        "test_scores_mean": 0.3072224856501525,
        "test_scores_max": 0.30861461951484775
      },
      "mmd_rbf": {
        "alpha": 0.05,
        "target_coverage": 0.95,
        "tau": 0.14086735248565674,
        "achieved_coverage": 0.0,
        "calibration_deviation": 0.95,
        "n_test": 4,
        "test_scores_mean": 0.14647921919822693,
        "test_scores_max": 0.14843785762786865
      },
      "bimodality_mismatch": {
        "alpha": 0.05,
        "target_coverage": 0.95,
        "tau": 0.62890625,
        "achieved_coverage": 1.0,
        "calibration_deviation": 0.050000000000000044,
        "n_test": 4,
        "test_scores_mean": 0.60107421875,
        "test_scores_max": 0.61328125
      },
      "variance_ratio_dev": {
        "alpha": 0.05,
        "target_coverage": 0.95,
        "tau": 60.85913739687761,
        "achieved_coverage": 0.75,
        "calibration_deviation": 0.19999999999999996,
        "n_test": 4,
        "test_scores_mean": 57.22987401164701,
        "test_scores_max": 61.70271248985739
      }
    },
    "alpha_0.1": {
      "ks": {
        "alpha": 0.1,
        "target_coverage": 0.9,
        "tau": 0.5153874577702702,
        "achieved_coverage": 0.0,
        "calibration_deviation": 0.9,
        "n_test": 4,
        "test_scores_mean": 0.5195042311351414,
        "test_scores_max": 0.520110380980508
      },
      "w1": {
        "alpha": 0.1,
        "target_coverage": 0.9,
        "tau": 0.1946059911379262,
        "achieved_coverage": 0.25,
        "calibration_deviation": 0.65,
        "n_test": 4,
        "test_scores_mean": 0.19649772115625336,
        "test_scores_max": 0.19776114686051913
      },
      "energy": {
        "alpha": 0.1,
        "target_coverage": 0.9,
        "tau": 0.3038968730800024,
        "achieved_coverage": 0.0,
        "calibration_deviation": 0.9,
        "n_test": 4,
        "test_scores_mean": 0.3072224856501525,
        "test_scores_max": 0.30861461951484775
      },
      "mmd_rbf": {
        "alpha": 0.1,
        "target_coverage": 0.9,
        "tau": 0.14086735248565674,
        "achieved_coverage": 0.0,
        "calibration_deviation": 0.9,
        "n_test": 4,
        "test_scores_mean": 0.14647921919822693,
        "test_scores_max": 0.14843785762786865
      },
      "bimodality_mismatch": {
        "alpha": 0.1,
        "target_coverage": 0.9,
        "tau": 0.62890625,
        "achieved_coverage": 1.0,
        "calibration_deviation": 0.09999999999999998,
        "n_test": 4,
        "test_scores_mean": 0.60107421875,
        "test_scores_max": 0.61328125
      },
      "variance_ratio_dev": {
        "alpha": 0.1,
        "target_coverage": 0.9,
        "tau": 60.85913739687761,
        "achieved_coverage": 0.75,
        "calibration_deviation": 0.15000000000000002,
        "n_test": 4,
        "test_scores_mean": 57.22987401164701,
        "test_scores_max": 61.70271248985739
      }
    },
    "alpha_0.2": {
      "ks": {
        "alpha": 0.2,
        "target_coverage": 0.8,
        "tau": 0.5153874577702702,
        "achieved_coverage": 0.0,
        "calibration_deviation": 0.8,
        "n_test": 4,
        "test_scores_mean": 0.5195042311351414,
        "test_scores_max": 0.520110380980508
      },
      "w1": {
        "alpha": 0.2,
        "target_coverage": 0.8,
        "tau": 0.1946059911379262,
        "achieved_coverage": 0.25,
        "calibration_deviation": 0.55,
        "n_test": 4,
        "test_scores_mean": 0.19649772115625336,
        "test_scores_max": 0.19776114686051913
      },
      "energy": {
        "alpha": 0.2,
        "target_coverage": 0.8,
        "tau": 0.3038968730800024,
        "achieved_coverage": 0.0,
        "calibration_deviation": 0.8,
        "n_test": 4,
        "test_scores_mean": 0.3072224856501525,
        "test_scores_max": 0.30861461951484775
      },
      "mmd_rbf": {
        "alpha": 0.2,
        "target_coverage": 0.8,
        "tau": 0.14086735248565674,
        "achieved_coverage": 0.0,
        "calibration_deviation": 0.8,
        "n_test": 4,
        "test_scores_mean": 0.14647921919822693,
        "test_scores_max": 0.14843785762786865
      },
      "bimodality_mismatch": {
        "alpha": 0.2,
        "target_coverage": 0.8,
        "tau": 0.62890625,
        "achieved_coverage": 1.0,
        "calibration_deviation": 0.19999999999999996,
        "n_test": 4,
        "test_scores_mean": 0.60107421875,
        "test_scores_max": 0.61328125
      },
      "variance_ratio_dev": {
        "alpha": 0.2,
        "target_coverage": 0.8,
        "tau": 60.85913739687761,
        "achieved_coverage": 0.75,
        "calibration_deviation": 0.050000000000000044,
        "n_test": 4,
        "test_scores_mean": 57.22987401164701,
        "test_scores_max": 61.70271248985739
      }
    }
  }
}