{
  "config": {
    "dataset": "norman",
    "epochs": 5,
    "hidden_size": 64,
    "n_eval_perts": 30,
    "predictor": "gears_uncertainty"
  },
  "fit_sec": 937.2914810180664,
  "n_pred_pops": 30,
  "calibration_results": {
    "alpha_0.05": {
      "ks": {
        "alpha": 0.05,
        "target_coverage": 0.95,
        "tau": 0.5006318136769078,
        "achieved_coverage": 0.9333333333333333,
        "calibration_deviation": 0.016666666666666607,
        "n_test": 15,
        "test_scores_mean": 0.4902114785910247,
        "test_scores_max": 0.5011777497666632
      },
      "w1": {
        "alpha": 0.05,
        "target_coverage": 0.95,
        "tau": 0.6132701870282017,
        "achieved_coverage": 1.0,
        "calibration_deviation": 0.050000000000000044,
        "n_test": 15,
        "test_scores_mean": 0.5545965463186929,
        "test_scores_max": 0.6020926684840104
      },
      "energy": {
        "alpha": 0.05,
        "target_coverage": 0.95,
        "tau": 0.5781692614043953,
        "achieved_coverage": 1.0,
        "calibration_deviation": 0.050000000000000044,
        "n_test": 15,
        "test_scores_mean": 0.5499636676241709,
        "test_scores_max": 0.5720078993103516
      },
      "mmd_rbf": {
        "alpha": 0.05,
        "target_coverage": 0.95,
        "tau": 0.12578034400939941,
        "achieved_coverage": 0.8666666666666667,
        "calibration_deviation": 0.08333333333333326,
        "n_test": 15,
        "test_scores_mean": 0.11827470461527506,
        "test_scores_max": 0.1273249387741089
      },
      "bimodality_mismatch": {
        "alpha": 0.05,
        "target_coverage": 0.95,
        "tau": 0.4509415262636274,
        "achieved_coverage": 0.9333333333333333,
        "calibration_deviation": 0.016666666666666607,
        "n_test": 15,
        "test_scores_mean": 0.40017178724810043,
        "test_scores_max": 0.47314172447968283
      },
      "variance_ratio_dev": {
        "alpha": 0.05,
        "target_coverage": 0.95,
        "tau": 250.4614527562109,
        "achieved_coverage": 0.8,
        "calibration_deviation": 0.1499999999999999,
        "n_test": 15,
        "test_scores_mean": 154.87809322533943,
        "test_scores_max": 362.08562271575056
      }
    },
    "alpha_0.1": {
      "ks": {
        "alpha": 0.1,
        "target_coverage": 0.9,
        "tau": 0.5006318136769078,
        "achieved_coverage": 0.9333333333333333,
        "calibration_deviation": 0.033333333333333326,
        "n_test": 15,
        "test_scores_mean": 0.4902114785910247,
        "test_scores_max": 0.5011777497666632
      },
      "w1": {
        "alpha": 0.1,
        "target_coverage": 0.9,
        "tau": 0.6132701870282017,
        "achieved_coverage": 1.0,
        "calibration_deviation": 0.09999999999999998,
        "n_test": 15,
        "test_scores_mean": 0.5545965463186929,
        "test_scores_max": 0.6020926684840104
      },
      "energy": {
        "alpha": 0.1,
        "target_coverage": 0.9,
        "tau": 0.5781692614043953,
        "achieved_coverage": 1.0,
        "calibration_deviation": 0.09999999999999998,
        "n_test": 15,
        "test_scores_mean": 0.5499636676241709,
        "test_scores_max": 0.5720078993103516
      },
      "mmd_rbf": {
        "alpha": 0.1,
        "target_coverage": 0.9,
        "tau": 0.12578034400939941,
        "achieved_coverage": 0.8666666666666667,
        "calibration_deviation": 0.033333333333333326,
        "n_test": 15,
        "test_scores_mean": 0.11827470461527506,
        "test_scores_max": 0.1273249387741089
      },
      "bimodality_mismatch": {
        "alpha": 0.1,
        "target_coverage": 0.9,
        "tau": 0.4509415262636274,
        "achieved_coverage": 0.9333333333333333,
        "calibration_deviation": 0.033333333333333326,
        "n_test": 15,
        "test_scores_mean": 0.40017178724810043,
        "test_scores_max": 0.47314172447968283
      },
      "variance_ratio_dev": {
        "alpha": 0.1,
        "target_coverage": 0.9,
        "tau": 250.4614527562109,
        "achieved_coverage": 0.8,
        "calibration_deviation": 0.09999999999999998,
        "n_test": 15,
        "test_scores_mean": 154.87809322533943,
        "test_scores_max": 362.08562271575056
      }
    },
    "alpha_0.2": {
      "ks": {
        "alpha": 0.2,
        "target_coverage": 0.8,
        "tau": 0.49932895606210775,
        "achieved_coverage": 0.9333333333333333,
        "calibration_deviation": 0.1333333333333333,
        "n_test": 15,
        "test_scores_mean": 0.4902114785910247,
        "test_scores_max": 0.5011777497666632
      },
      "w1": {
        "alpha": 0.2,
        "target_coverage": 0.8,
        "tau": 0.605134412333207,
        "achieved_coverage": 1.0,
        "calibration_deviation": 0.19999999999999996,
        "n_test": 15,
        "test_scores_mean": 0.5545965463186929,
        "test_scores_max": 0.6020926684840104
      },
      "energy": {
        "alpha": 0.2,
        "target_coverage": 0.8,
        "tau": 0.5728124870726452,
        "achieved_coverage": 1.0,
        "calibration_deviation": 0.19999999999999996,
        "n_test": 15,
        "test_scores_mean": 0.5499636676241709,
        "test_scores_max": 0.5720078993103516
      },
      "mmd_rbf": {
        "alpha": 0.2,
        "target_coverage": 0.8,
        "tau": 0.12372112274169922,
        "achieved_coverage": 0.8,
        "calibration_deviation": 0.0,
        "n_test": 15,
        "test_scores_mean": 0.11827470461527506,
        "test_scores_max": 0.1273249387741089
      },
      "bimodality_mismatch": {
        "alpha": 0.2,
        "target_coverage": 0.8,
        "tau": 0.42279484638255693,
        "achieved_coverage": 0.8,
        "calibration_deviation": 0.0,
        "n_test": 15,
        "test_scores_mean": 0.40017178724810043,
        "test_scores_max": 0.47314172447968283
      },
      "variance_ratio_dev": {
        "alpha": 0.2,
        "target_coverage": 0.8,
        "tau": 186.37552377330454,
        "achieved_coverage": 0.7333333333333333,
        "calibration_deviation": 0.06666666666666676,
        "n_test": 15,
        "test_scores_mean": 154.87809322533943,
        "test_scores_max": 362.08562271575056
      }
    }
  }
}