{
  "config": {
    "dataset": "norman",
    "predictor": "scgen",
    "epochs": 100,
    "n_eval_perts": 30
  },
  "fit_sec": 30.958396434783936,
  "n_pred_pops": 30,
  "calibration_results": {
    "alpha_0.05": {
      "ks": {
        "alpha": 0.05,
        "target_coverage": 0.95,
        "tau": 0.7315015460259529,
        "achieved_coverage": 1.0,
        "calibration_deviation": 0.050000000000000044,
        "n_test": 15,
        "test_scores_mean": 0.660932274612936,
        "test_scores_max": 0.7138231260254307
      },
      "w1": {
        "alpha": 0.05,
        "target_coverage": 0.95,
        "tau": 0.09249963670709832,
        "achieved_coverage": 1.0,
        "calibration_deviation": 0.050000000000000044,
        "n_test": 15,
        "test_scores_mean": 0.0453942543823743,
        "test_scores_max": 0.07237332048907225
      },
      "energy": {
        "alpha": 0.05,
        "target_coverage": 0.95,
        "tau": 0.17773714694118012,
        "achieved_coverage": 1.0,
        "calibration_deviation": 0.050000000000000044,
        "n_test": 15,
        "test_scores_mean": 0.113798305192996,
        "test_scores_max": 0.1545649638446163
      },
      "mmd_rbf": {
        "alpha": 0.05,
        "target_coverage": 0.95,
        "tau": 0.13929307460784912,
        "achieved_coverage": 1.0,
        "calibration_deviation": 0.050000000000000044,
        "n_test": 15,
        "test_scores_mean": 0.030980992317199706,
        "test_scores_max": 0.09798932075500488
      },
      "bimodality_mismatch": {
        "alpha": 0.05,
        "target_coverage": 0.95,
        "tau": 0.580078125,
        "achieved_coverage": 1.0,
        "calibration_deviation": 0.050000000000000044,
        "n_test": 15,
        "test_scores_mean": 0.47708333333333336,
        "test_scores_max": 0.568359375
      },
      "variance_ratio_dev": {
        "alpha": 0.05,
        "target_coverage": 0.95,
        "tau": 0.9074291223839035,
        "achieved_coverage": 1.0,
        "calibration_deviation": 0.050000000000000044,
        "n_test": 15,
        "test_scores_mean": 0.7872670837053196,
        "test_scores_max": 0.8814580671902332
      }
    },
    "alpha_0.1": {
      "ks": {
        "alpha": 0.1,
        "target_coverage": 0.9,
        "tau": 0.7315015460259529,
        "achieved_coverage": 1.0,
        "calibration_deviation": 0.09999999999999998,
        "n_test": 15,
        "test_scores_mean": 0.660932274612936,
        "test_scores_max": 0.7138231260254307
      },
      "w1": {
        "alpha": 0.1,
        "target_coverage": 0.9,
        "tau": 0.09249963670709832,
        "achieved_coverage": 1.0,
        "calibration_deviation": 0.09999999999999998,
        "n_test": 15,
        "test_scores_mean": 0.0453942543823743,
        "test_scores_max": 0.07237332048907225
      },
      "energy": {
        "alpha": 0.1,
        "target_coverage": 0.9,
        "tau": 0.17773714694118012,
        "achieved_coverage": 1.0,
        "calibration_deviation": 0.09999999999999998,
        "n_test": 15,
        "test_scores_mean": 0.113798305192996,
        "test_scores_max": 0.1545649638446163
      },
      "mmd_rbf": {
        "alpha": 0.1,
        "target_coverage": 0.9,
        "tau": 0.13929307460784912,
        "achieved_coverage": 1.0,
        "calibration_deviation": 0.09999999999999998,
        "n_test": 15,
        "test_scores_mean": 0.030980992317199706,
        "test_scores_max": 0.09798932075500488
      },
      "bimodality_mismatch": {
        "alpha": 0.1,
        "target_coverage": 0.9,
        "tau": 0.580078125,
        "achieved_coverage": 1.0,
        "calibration_deviation": 0.09999999999999998,
        "n_test": 15,
        "test_scores_mean": 0.47708333333333336,
        "test_scores_max": 0.568359375
      },
      "variance_ratio_dev": {
        "alpha": 0.1,
        "target_coverage": 0.9,
        "tau": 0.9074291223839035,
        "achieved_coverage": 1.0,
        "calibration_deviation": 0.09999999999999998,
        "n_test": 15,
        "test_scores_mean": 0.7872670837053196,
        "test_scores_max": 0.8814580671902332
      }
    },
    "alpha_0.2": {
      "ks": {
        "alpha": 0.2,
        "target_coverage": 0.8,
        "tau": 0.6824118874289773,
        "achieved_coverage": 0.9333333333333333,
        "calibration_deviation": 0.1333333333333333,
        "n_test": 15,
        "test_scores_mean": 0.660932274612936,
        "test_scores_max": 0.7138231260254307
      },
      "w1": {
        "alpha": 0.2,
        "target_coverage": 0.8,
        "tau": 0.05431439076959263,
        "achieved_coverage": 0.8666666666666667,
        "calibration_deviation": 0.06666666666666665,
        "n_test": 15,
        "test_scores_mean": 0.0453942543823743,
        "test_scores_max": 0.07237332048907225
      },
      "energy": {
        "alpha": 0.2,
        "target_coverage": 0.8,
        "tau": 0.1271361323911019,
        "achieved_coverage": 0.8666666666666667,
        "calibration_deviation": 0.06666666666666665,
        "n_test": 15,
        "test_scores_mean": 0.113798305192996,
        "test_scores_max": 0.1545649638446163
      },
      "mmd_rbf": {
        "alpha": 0.2,
        "target_coverage": 0.8,
        "tau": 0.038492679595947266,
        "achieved_coverage": 0.8,
        "calibration_deviation": 0.0,
        "n_test": 15,
        "test_scores_mean": 0.030980992317199706,
        "test_scores_max": 0.09798932075500488
      },
      "bimodality_mismatch": {
        "alpha": 0.2,
        "target_coverage": 0.8,
        "tau": 0.5703125,
        "achieved_coverage": 1.0,
        "calibration_deviation": 0.19999999999999996,
        "n_test": 15,
        "test_scores_mean": 0.47708333333333336,
        "test_scores_max": 0.568359375
      },
      "variance_ratio_dev": {
        "alpha": 0.2,
        "target_coverage": 0.8,
        "tau": 0.8086937326905577,
        "achieved_coverage": 0.8666666666666667,
        "calibration_deviation": 0.06666666666666665,
        "n_test": 15,
        "test_scores_mean": 0.7872670837053196,
        "test_scores_max": 0.8814580671902332
      }
    }
  }
}