{
  "config": {
    "dataset": "replogle_rpe1",
    "predictor": "scgen",
    "epochs": 100,
    "n_eval_perts": 30
  },
  "fit_sec": 50.81585478782654,
  "n_pred_pops": 30,
  "calibration_results": {
    "alpha_0.05": {
      "ks": {
        "alpha": 0.05,
        "target_coverage": 0.95,
        "tau": 0.5565577651515152,
        "achieved_coverage": 1.0,
        "calibration_deviation": 0.050000000000000044,
        "n_test": 15,
        "test_scores_mean": 0.5132516832448379,
        "test_scores_max": 0.5378864247311828
      },
      "w1": {
        "alpha": 0.05,
        "target_coverage": 0.95,
        "tau": 0.26052152192900246,
        "achieved_coverage": 1.0,
        "calibration_deviation": 0.050000000000000044,
        "n_test": 15,
        "test_scores_mean": 0.18643373021508877,
        "test_scores_max": 0.21899406160036422
      },
      "energy": {
        "alpha": 0.05,
        "target_coverage": 0.95,
        "tau": 0.3556545156389172,
        "achieved_coverage": 1.0,
        "calibration_deviation": 0.050000000000000044,
        "n_test": 15,
        "test_scores_mean": 0.2901741268021064,
        "test_scores_max": 0.3211770044596984
      },
      "mmd_rbf": {
        "alpha": 0.05,
        "target_coverage": 0.95,
        "tau": 0.08786165714263916,
        "achieved_coverage": 1.0,
        "calibration_deviation": 0.050000000000000044,
        "n_test": 15,
        "test_scores_mean": 0.033656954765319824,
        "test_scores_max": 0.052994728088378906
      },
      "bimodality_mismatch": {
        "alpha": 0.05,
        "target_coverage": 0.95,
        "tau": 0.609375,
        "achieved_coverage": 1.0,
        "calibration_deviation": 0.050000000000000044,
        "n_test": 15,
        "test_scores_mean": 0.475,
        "test_scores_max": 0.537109375
      },
      "variance_ratio_dev": {
        "alpha": 0.05,
        "target_coverage": 0.95,
        "tau": 0.8592001791112125,
        "achieved_coverage": 1.0,
        "calibration_deviation": 0.050000000000000044,
        "n_test": 15,
        "test_scores_mean": 0.7217731066897007,
        "test_scores_max": 0.7724389063478156
      }
    },
    "alpha_0.1": {
      "ks": {
        "alpha": 0.1,
        "target_coverage": 0.9,
        "tau": 0.5565577651515152,
        "achieved_coverage": 1.0,
        "calibration_deviation": 0.09999999999999998,
        "n_test": 15,
        "test_scores_mean": 0.5132516832448379,
        "test_scores_max": 0.5378864247311828
      },
      "w1": {
        "alpha": 0.1,
        "target_coverage": 0.9,
        "tau": 0.26052152192900246,
        "achieved_coverage": 1.0,
        "calibration_deviation": 0.09999999999999998,
        "n_test": 15,
        "test_scores_mean": 0.18643373021508877,
        "test_scores_max": 0.21899406160036422
      },
      "energy": {
        "alpha": 0.1,
        "target_coverage": 0.9,
        "tau": 0.3556545156389172,
        "achieved_coverage": 1.0,
        "calibration_deviation": 0.09999999999999998,
        "n_test": 15,
        "test_scores_mean": 0.2901741268021064,
        "test_scores_max": 0.3211770044596984
      },
      "mmd_rbf": {
        "alpha": 0.1,
        "target_coverage": 0.9,
        "tau": 0.08786165714263916,
        "achieved_coverage": 1.0,
        "calibration_deviation": 0.09999999999999998,
        "n_test": 15,
        "test_scores_mean": 0.033656954765319824,
        "test_scores_max": 0.052994728088378906
      },
      "bimodality_mismatch": {
        "alpha": 0.1,
        "target_coverage": 0.9,
        "tau": 0.609375,
        "achieved_coverage": 1.0,
        "calibration_deviation": 0.09999999999999998,
        "n_test": 15,
        "test_scores_mean": 0.475,
        "test_scores_max": 0.537109375
      },
      "variance_ratio_dev": {
        "alpha": 0.1,
        "target_coverage": 0.9,
        "tau": 0.8592001791112125,
        "achieved_coverage": 1.0,
        "calibration_deviation": 0.09999999999999998,
        "n_test": 15,
        "test_scores_mean": 0.7217731066897007,
        "test_scores_max": 0.7724389063478156
      }
    },
    "alpha_0.2": {
      "ks": {
        "alpha": 0.2,
        "target_coverage": 0.8,
        "tau": 0.5450324292452831,
        "achieved_coverage": 1.0,
        "calibration_deviation": 0.19999999999999996,
        "n_test": 15,
        "test_scores_mean": 0.5132516832448379,
        "test_scores_max": 0.5378864247311828
      },
      "w1": {
        "alpha": 0.2,
        "target_coverage": 0.8,
        "tau": 0.20922753025912388,
        "achieved_coverage": 0.9333333333333333,
        "calibration_deviation": 0.1333333333333333,
        "n_test": 15,
        "test_scores_mean": 0.18643373021508877,
        "test_scores_max": 0.21899406160036422
      },
      "energy": {
        "alpha": 0.2,
        "target_coverage": 0.8,
        "tau": 0.31841278160560726,
        "achieved_coverage": 0.9333333333333333,
        "calibration_deviation": 0.1333333333333333,
        "n_test": 15,
        "test_scores_mean": 0.2901741268021064,
        "test_scores_max": 0.3211770044596984
      },
      "mmd_rbf": {
        "alpha": 0.2,
        "target_coverage": 0.8,
        "tau": 0.05644834041595459,
        "achieved_coverage": 1.0,
        "calibration_deviation": 0.19999999999999996,
        "n_test": 15,
        "test_scores_mean": 0.033656954765319824,
        "test_scores_max": 0.052994728088378906
      },
      "bimodality_mismatch": {
        "alpha": 0.2,
        "target_coverage": 0.8,
        "tau": 0.513671875,
        "achieved_coverage": 0.9333333333333333,
        "calibration_deviation": 0.1333333333333333,
        "n_test": 15,
        "test_scores_mean": 0.475,
        "test_scores_max": 0.537109375
      },
      "variance_ratio_dev": {
        "alpha": 0.2,
        "target_coverage": 0.8,
        "tau": 0.7608625028133247,
        "achieved_coverage": 0.9333333333333333,
        "calibration_deviation": 0.1333333333333333,
        "n_test": 15,
        "test_scores_mean": 0.7217731066897007,
        "test_scores_max": 0.7724389063478156
      }
    }
  }
}