{
  "config": {
    "dataset": "adamson",
    "predictor": "scgen",
    "epochs": 100,
    "n_eval_perts": 30
  },
  "fit_sec": 31.110156297683716,
  "n_pred_pops": 8,
  "calibration_results": {
    "alpha_0.05": {
      "ks": {
        "alpha": 0.05,
        "target_coverage": 0.95,
        "tau": 0.5751623205236487,
        "achieved_coverage": 0.0,
        "calibration_deviation": 0.95,
        "n_test": 4,
        "test_scores_mean": 0.5772980639398765,
        "test_scores_max": 0.5788959388428484
      },
      "w1": {
        "alpha": 0.05,
        "target_coverage": 0.95,
        "tau": 0.07032616989818524,
        "achieved_coverage": 1.0,
        "calibration_deviation": 0.050000000000000044,
        "n_test": 4,
        "test_scores_mean": 0.06259601852759078,
        "test_scores_max": 0.0630867343272844
      },
      "energy": {
        "alpha": 0.05,
        "target_coverage": 0.95,
        "tau": 0.1373507743486349,
        "achieved_coverage": 1.0,
        "calibration_deviation": 0.050000000000000044,
        "n_test": 4,
        "test_scores_mean": 0.13626341083153257,
        "test_scores_max": 0.13710243297378177
      },
      "mmd_rbf": {
        "alpha": 0.05,
        "target_coverage": 0.95,
        "tau": 0.05075430870056152,
        "achieved_coverage": 1.0,
        "calibration_deviation": 0.050000000000000044,
        "n_test": 4,
        "test_scores_mean": 0.0466422438621521,
        "test_scores_max": 0.049883365631103516
      },
      "bimodality_mismatch": {
        "alpha": 0.05,
        "target_coverage": 0.95,
        "tau": 0.51953125,
        "achieved_coverage": 0.5,
        "calibration_deviation": 0.44999999999999996,
        "n_test": 4,
        "test_scores_mean": 0.51318359375,
        "test_scores_max": 0.533203125
      },
      "variance_ratio_dev": {
        "alpha": 0.05,
        "target_coverage": 0.95,
        "tau": 0.7738149172521003,
        "achieved_coverage": 1.0,
        "calibration_deviation": 0.050000000000000044,
        "n_test": 4,
        "test_scores_mean": 0.7613821567823177,
        "test_scores_max": 0.7705402707757607
      }
    },
    "alpha_0.1": {
      "ks": {
        "alpha": 0.1,
        "target_coverage": 0.9,
        "tau": 0.5751623205236487,
        "achieved_coverage": 0.0,
        "calibration_deviation": 0.9,
        "n_test": 4,
        "test_scores_mean": 0.5772980639398765,
        "test_scores_max": 0.5788959388428484
      },
      "w1": {
        "alpha": 0.1,
        "target_coverage": 0.9,
        "tau": 0.07032616989818524,
        "achieved_coverage": 1.0,
        "calibration_deviation": 0.09999999999999998,
        "n_test": 4,
        "test_scores_mean": 0.06259601852759078,
        "test_scores_max": 0.0630867343272844
      },
      "energy": {
        "alpha": 0.1,
        "target_coverage": 0.9,
        "tau": 0.1373507743486349,
        "achieved_coverage": 1.0,
        "calibration_deviation": 0.09999999999999998,
        "n_test": 4,
        "test_scores_mean": 0.13626341083153257,
        "test_scores_max": 0.13710243297378177
      },
      "mmd_rbf": {
        "alpha": 0.1,
        "target_coverage": 0.9,
        "tau": 0.05075430870056152,
        "achieved_coverage": 1.0,
        "calibration_deviation": 0.09999999999999998,
        "n_test": 4,
        "test_scores_mean": 0.0466422438621521,
        "test_scores_max": 0.049883365631103516
      },
      "bimodality_mismatch": {
        "alpha": 0.1,
        "target_coverage": 0.9,
        "tau": 0.51953125,
        "achieved_coverage": 0.5,
        "calibration_deviation": 0.4,
        "n_test": 4,
        "test_scores_mean": 0.51318359375,
        "test_scores_max": 0.533203125
      },
      "variance_ratio_dev": {
        "alpha": 0.1,
        "target_coverage": 0.9,
        "tau": 0.7738149172521003,
        "achieved_coverage": 1.0,
        "calibration_deviation": 0.09999999999999998,
        "n_test": 4,
        "test_scores_mean": 0.7613821567823177,
        "test_scores_max": 0.7705402707757607
      }
    },
    "alpha_0.2": {
      "ks": {
        "alpha": 0.2,
        "target_coverage": 0.8,
        "tau": 0.5751623205236487,
        "achieved_coverage": 0.0,
        "calibration_deviation": 0.8,
        "n_test": 4,
        "test_scores_mean": 0.5772980639398765,
        "test_scores_max": 0.5788959388428484
      },
      "w1": {
        "alpha": 0.2,
        "target_coverage": 0.8,
        "tau": 0.07032616989818524,
        "achieved_coverage": 1.0,
        "calibration_deviation": 0.19999999999999996,
        "n_test": 4,
        "test_scores_mean": 0.06259601852759078,
        "test_scores_max": 0.0630867343272844
      },
      "energy": {
        "alpha": 0.2,
        "target_coverage": 0.8,
        "tau": 0.1373507743486349,
        "achieved_coverage": 1.0,
        "calibration_deviation": 0.19999999999999996,
        "n_test": 4,
        "test_scores_mean": 0.13626341083153257,
        "test_scores_max": 0.13710243297378177
      },
      "mmd_rbf": {
        "alpha": 0.2,
        "target_coverage": 0.8,
        "tau": 0.05075430870056152,
        "achieved_coverage": 1.0,
        "calibration_deviation": 0.19999999999999996,
        "n_test": 4,
        "test_scores_mean": 0.0466422438621521,
        "test_scores_max": 0.049883365631103516
      },
      "bimodality_mismatch": {
        "alpha": 0.2,
        "target_coverage": 0.8,
        "tau": 0.51953125,
        "achieved_coverage": 0.5,
        "calibration_deviation": 0.30000000000000004,
        "n_test": 4,
        "test_scores_mean": 0.51318359375,
        "test_scores_max": 0.533203125
      },
      "variance_ratio_dev": {
        "alpha": 0.2,
        "target_coverage": 0.8,
        "tau": 0.7738149172521003,
        "achieved_coverage": 1.0,
        "calibration_deviation": 0.19999999999999996,
        "n_test": 4,
        "test_scores_mean": 0.7613821567823177,
        "test_scores_max": 0.7705402707757607
      }
    }
  }
}