{
  "config": {
    "dataset": "replogle_k562",
    "predictor": "biolord",
    "epochs": 100,
    "n_eval_perts": 30
  },
  "fit_sec": 103.23451948165894,
  "n_pred_pops": 30,
  "calibration_results": {
    "alpha_0.05": {
      "ks": {
        "alpha": 0.05,
        "target_coverage": 0.95,
        "tau": 0.37588680491727944,
        "achieved_coverage": 1.0,
        "calibration_deviation": 0.050000000000000044,
        "n_test": 15,
        "test_scores_mean": 0.3419332320240033,
        "test_scores_max": 0.3702552356020943
      },
      "w1": {
        "alpha": 0.05,
        "target_coverage": 0.95,
        "tau": 0.19275347393960374,
        "achieved_coverage": 0.9333333333333333,
        "calibration_deviation": 0.016666666666666607,
        "n_test": 15,
        "test_scores_mean": 0.14849879181996148,
        "test_scores_max": 0.20703390057119153
      },
      "energy": {
        "alpha": 0.05,
        "target_coverage": 0.95,
        "tau": 0.2562173292434855,
        "achieved_coverage": 0.9333333333333333,
        "calibration_deviation": 0.016666666666666607,
        "n_test": 15,
        "test_scores_mean": 0.2161894398706063,
        "test_scores_max": 0.264757984492463
      },
      "mmd_rbf": {
        "alpha": 0.05,
        "target_coverage": 0.95,
        "tau": 0.010411977767944336,
        "achieved_coverage": 1.0,
        "calibration_deviation": 0.050000000000000044,
        "n_test": 15,
        "test_scores_mean": 0.002666632334391276,
        "test_scores_max": 0.0053969621658325195
      },
      "bimodality_mismatch": {
        "alpha": 0.05,
        "target_coverage": 0.95,
        "tau": 0.78515625,
        "achieved_coverage": 0.9333333333333333,
        "calibration_deviation": 0.016666666666666607,
        "n_test": 15,
        "test_scores_mean": 0.672265625,
        "test_scores_max": 0.80859375
      },
      "variance_ratio_dev": {
        "alpha": 0.05,
        "target_coverage": 0.95,
        "tau": 0.19246125034987926,
        "achieved_coverage": 0.9333333333333333,
        "calibration_deviation": 0.016666666666666607,
        "n_test": 15,
        "test_scores_mean": 0.1303507912826414,
        "test_scores_max": 0.21388280054088682
      }
    },
    "alpha_0.1": {
      "ks": {
        "alpha": 0.1,
        "target_coverage": 0.9,
        "tau": 0.37588680491727944,
        "achieved_coverage": 1.0,
        "calibration_deviation": 0.09999999999999998,
        "n_test": 15,
        "test_scores_mean": 0.3419332320240033,
        "test_scores_max": 0.3702552356020943
      },
      "w1": {
        "alpha": 0.1,
        "target_coverage": 0.9,
        "tau": 0.19275347393960374,
        "achieved_coverage": 0.9333333333333333,
        "calibration_deviation": 0.033333333333333326,
        "n_test": 15,
        "test_scores_mean": 0.14849879181996148,
        "test_scores_max": 0.20703390057119153
      },
      "energy": {
        "alpha": 0.1,
        "target_coverage": 0.9,
        "tau": 0.2562173292434855,
        "achieved_coverage": 0.9333333333333333,
        "calibration_deviation": 0.033333333333333326,
        "n_test": 15,
        "test_scores_mean": 0.2161894398706063,
        "test_scores_max": 0.264757984492463
      },
      "mmd_rbf": {
        "alpha": 0.1,
        "target_coverage": 0.9,
        "tau": 0.010411977767944336,
        "achieved_coverage": 1.0,
        "calibration_deviation": 0.09999999999999998,
        "n_test": 15,
        "test_scores_mean": 0.002666632334391276,
        "test_scores_max": 0.0053969621658325195
      },
      "bimodality_mismatch": {
        "alpha": 0.1,
        "target_coverage": 0.9,
        "tau": 0.78515625,
        "achieved_coverage": 0.9333333333333333,
        "calibration_deviation": 0.033333333333333326,
        "n_test": 15,
        "test_scores_mean": 0.672265625,
        "test_scores_max": 0.80859375
      },
      "variance_ratio_dev": {
        "alpha": 0.1,
        "target_coverage": 0.9,
        "tau": 0.19246125034987926,
        "achieved_coverage": 0.9333333333333333,
        "calibration_deviation": 0.033333333333333326,
        "n_test": 15,
        "test_scores_mean": 0.1303507912826414,
        "test_scores_max": 0.21388280054088682
      }
    },
    "alpha_0.2": {
      "ks": {
        "alpha": 0.2,
        "target_coverage": 0.8,
        "tau": 0.36708653631907306,
        "achieved_coverage": 0.9333333333333333,
        "calibration_deviation": 0.1333333333333333,
        "n_test": 15,
        "test_scores_mean": 0.3419332320240033,
        "test_scores_max": 0.3702552356020943
      },
      "w1": {
        "alpha": 0.2,
        "target_coverage": 0.8,
        "tau": 0.17700925111945154,
        "achieved_coverage": 0.8666666666666667,
        "calibration_deviation": 0.06666666666666665,
        "n_test": 15,
        "test_scores_mean": 0.14849879181996148,
        "test_scores_max": 0.20703390057119153
      },
      "energy": {
        "alpha": 0.2,
        "target_coverage": 0.8,
        "tau": 0.24501788660236956,
        "achieved_coverage": 0.8666666666666667,
        "calibration_deviation": 0.06666666666666665,
        "n_test": 15,
        "test_scores_mean": 0.2161894398706063,
        "test_scores_max": 0.264757984492463
      },
      "mmd_rbf": {
        "alpha": 0.2,
        "target_coverage": 0.8,
        "tau": 0.0038374662399291992,
        "achieved_coverage": 0.8,
        "calibration_deviation": 0.0,
        "n_test": 15,
        "test_scores_mean": 0.002666632334391276,
        "test_scores_max": 0.0053969621658325195
      },
      "bimodality_mismatch": {
        "alpha": 0.2,
        "target_coverage": 0.8,
        "tau": 0.76171875,
        "achieved_coverage": 0.9333333333333333,
        "calibration_deviation": 0.1333333333333333,
        "n_test": 15,
        "test_scores_mean": 0.672265625,
        "test_scores_max": 0.80859375
      },
      "variance_ratio_dev": {
        "alpha": 0.2,
        "target_coverage": 0.8,
        "tau": 0.17400295077823102,
        "achieved_coverage": 0.8666666666666667,
        "calibration_deviation": 0.06666666666666665,
        "n_test": 15,
        "test_scores_mean": 0.1303507912826414,
        "test_scores_max": 0.21388280054088682
      }
    }
  }
}